id,name,model_id:id,group_id:id,perm_read,perm_write,perm_create,perm_unlink
access_fmcg_crm_fmcg_crm,fmcg_crm.fmcg_crm,model_fmcg_crm_fmcg_crm,1,1,1,1
access_product_template_qtylines, product.template.qtylines, model_product_template_qtylines, 1,1,1,1
access_product_product_qtylines, product.product.qtylines, model_product_product_qtylines, 1,1,1,1
access_geographies_regions, geographies.regions, model_geographies_regions, 1,1,1,1
access_geographies_districts, geographies.districts, model_geographies_districts, 1,1,1,1
access_geographies_suburbs, geographies.suburbs, model_geographies_suburbs, 1,1,1,1
access_geographies_areas, geographies.areas, model_geographies_areas, 1,1,1,1
access_geographies_routes, geographies.routes, model_geographies_routes, 1,1,1,1
access_network_nodes, network.nodes, model_network_nodes, 1,1,1,1
access_report_routesheet_report,name_report.routesheet_report,model_report_routesheet_report, 1,1,1,1
