<?xml version="1.0" encoding="utf-8"?>
<odoo>
    <data>
       <record id="make_invisible" model="res.groups">
			<field name="name">Enable Options</field>
		</record>
        <record model="ir.ui.menu" id="crm.crm_menu_root">
			<field name="groups_id" eval="[(6,0,[ref('make_invisible')])]"/>
		</record>
<record model="ir.ui.menu" id="sale.sale_order_menu">
			<field name="groups_id" eval="[(6,0,[ref('make_invisible')])]"/>
		</record>
		<!--Hide Invoicing Left Menu From Sale Main Menu-->
		<record model="ir.ui.menu" id="sale.menu_sale_invoicing">
			<field name="groups_id" eval="[(6,0,[ref('make_invisible')])]"/>
		</record>
		<!--Hide Catalog Left Menu From Sale Main Menu-->
		<record model="ir.ui.menu" id="sale.product_menu_catalog">
			<field name="groups_id" eval="[(6,0,[ref('make_invisible')])]"/>
		</record>
		<!--Hide Products Left Menu From Purchases Main Menu-->
		<record model="ir.ui.menu" id="purchase.menu_procurement_partner_contact_form">
			<field name="groups_id" eval="[(6,0,[ref('make_invisible')])]"/>
		</record>
		<!--Hide Product Variants Left Menu From Purchases Main Menu-->
		<record model="ir.ui.menu" id="purchase.product_product_menu">
			<field name="groups_id" eval="[(6,0,[ref('make_invisible')])]"/>
		</record>
		<!-- Website main menu invisible -->
		<!-- <record model="ir.ui.menu" id="website.menu_website_configuration">
			<field name="groups_id" eval="[(6,0,[ref('make_invisible')])]"/>
		</record> -->

		<!--Inventory Main Menu Invisible-->
		<record model="ir.ui.menu" id="stock.menu_stock_root">
			<field name="groups_id" eval="[(6,0,[ref('make_invisible')])]"/>
		</record>
		<record model="ir.ui.menu" id="sale.menu_report_product_all">
			<field name="groups_id" eval="[(6,0,[ref('make_invisible')])]"/>
		</record>
		<record model="ir.ui.menu" id="sale.report_sales_team">
			<field name="groups_id" eval="[(6,0,[ref('make_invisible')])]"/>
		</record>
		
		<record model="ir.actions.act_window" id="crm.action_merge_opportunities">
			<field name="groups_id" eval="[(6,0,[ref('make_invisible')])]"/>
		</record>
		<record model="ir.actions.act_window" id="crm.action_lead_mass_mail">
			<field name="groups_id" eval="[(6,0,[ref('make_invisible')])]"/>
		</record>
		<record model="ir.actions.act_window" id="crm.action_crm_send_mass_convert">
			<field name="groups_id" eval="[(6,0,[ref('make_invisible')])]"/>
		</record>
		<record model="ir.actions.server" id="crm.action_mark_as_lost">
			<field name="groups_id" eval="[(6,0,[ref('make_invisible')])]"/>
		</record>
		<record model="ir.actions.server" id="crm.action_mark_late_activities_done">
			<field name="groups_id" eval="[(6,0,[ref('make_invisible')])]"/>
		</record>
		<record model="ir.actions.server" id="crm.action_mark_activities_done">
			<field name="groups_id" eval="[(6,0,[ref('make_invisible')])]"/>
		</record>
		<!-- Dashboard Menu Invisible-->
		<record model="ir.ui.menu" id="web_settings_dashboard.web_dashboard_menu">
			<field name="groups_id" eval="[(6,0,[ref('make_invisible')])]"/>
		</record>
		<!-- Customers Menu Invisible-->
		<record model="ir.ui.menu" id="sale.res_partner_menu">
			<field name="groups_id" eval="[(6,0,[ref('make_invisible')])]"/>
		</record>
		<!-- Link Tracker Menu Invisible-->
		<record model="ir.ui.menu" id="utm.menu_link_tracker_root">
			<field name="groups_id" eval="[(6,0,[ref('make_invisible')])]"/>
		</record>

        <!-- <record model="ir.ui.menu" id="crm.menu_crm_leads">
			<field name="groups_id" eval="[(6,0,[ref('outside_sales_person')])]"/>
        </record>




        <record model="ir.ui.menu" id="sale_crm.sale_order_menu_quotations_crm">
			<field name="groups_id" eval="[(6,0,[ref('inside_sales_person')])]"/>
        </record> -->



        
       

       
    </data>
</odoo>