<?xml version="1.0" encoding="utf-8"?>
<odoo>

    <record model="ir.module.category" id="module_breakdown_order_planner">
        <field name="name">Breakdown Planner</field>
        <field name="description">Controlling Access Rights For Breakdown Planner</field>
        <field name="sequence">103</field>
    </record>


    <record id="group_breakdown_planner" model="res.groups">
        <field name="name">Breakdown Planner</field>
        <field name="category_id" ref="module_breakdown_order_planner"/>
    </record>


    <record model="ir.rule" id="breakdown_planner_user_record_rule">
        <field name="name">Planner See Related Order Only</field>
        <field name="model_id" ref="model_bdms_order"/>
        <field name="domain_force">[('planner_id','=',user.id)]</field>
        <field name="groups" eval="[(4, ref('group_breakdown_planner'))]"/>
    </record>

                         <!-- BDMS TECHNICIAN -->

    <record model="ir.module.category" id="module_breakdown_order_technician">
        <field name="name">Breakdown Technician</field>
        <field name="description">Controlling Access Rights For Breakdown  Planner</field>
        <field name="sequence">104</field>
    </record>


    <record id="group_breakdown_technician" model="res.groups">
        <field name="name">Breakdown Technician</field>
        <field name="category_id" ref="module_breakdown_order_technician"/>
    </record>


    <record model="ir.rule" id="breakdown_technician_user_record_rule">
        <field name="name">Technician See Related Order Only</field>
        <field name="model_id" ref="model_bdms_order"/>
        <field name="domain_force">['|',('technician_ids','=',user.id),('technician_ids','=',False)]</field>
        <field name="groups" eval="[(4, ref('group_breakdown_technician'))]"/>
    </record>


                        <!-- Breakdown BUSINESS USER -->


    <record model="ir.module.category" id="module_breakdown_order_business_user">
        <field name="name">Breakdown Business User</field>
        <field name="description">Controlling Access Rights For Breakdown Business User</field>
        <field name="sequence">105</field>
    </record>


    <record id="group_breakdown_business_user" model="res.groups">
        <field name="name">Breakdown Business User</field>
        <field name="category_id" ref="module_breakdown_order_business_user"/>
    </record>


    <record model="ir.rule" id="breakdown_business_user_record_rule">
        <field name="name">Business User See Related Order Only</field>
        <field name="model_id" ref="model_bdms_order"/>
        <field name="domain_force">[('business_id','=',user.id)]</field>
        <field name="groups" eval="[(4, ref('group_breakdown_business_user'))]"/>
    </record>

                         <!-- Breakdown QA USER -->


    <record model="ir.module.category" id="module_breakdown_order_qa_user">
        <field name="name">Breakdown QA User</field>
        <field name="description">Controlling Access Rights For Breakdown QA User</field>
        <field name="sequence">106</field>
    </record>

    <record id="group_breakdown_qa_user" model="res.groups">
        <field name="name">Breakdown QA User</field>
        <field name="category_id" ref="module_breakdown_order_qa_user"/>
    </record>

    <record model="ir.rule" id="breakdown_qa_user_record_rule">
        <field name="name">QA User See Related Order Only</field>
        <field name="model_id" ref="model_bdms_order"/>
        <field name="domain_force">[('qa_id','=',user.id)]</field>
        <field name="groups" eval="[(4, ref('group_breakdown_qa_user'))]"/>
    </record>


    <!-- Breakdown Supervisor USER -->


    <record model="ir.module.category" id="module_breakdown_order_su_user">
        <field name="name">Breakdown Supervisor User</field>
        <field name="description">Controlling Access Rights For Breakdown Supervisor User</field>
        <field name="sequence">106</field>
    </record>

    <record id="group_breakdown_su_user" model="res.groups">
        <field name="name">Breakdown Supervisor User</field>
        <field name="category_id" ref="module_breakdown_order_su_user"/>
    </record>

    <record model="ir.rule" id="breakdown_su_user_record_rule">
        <field name="name">Supervisor User See Related Order Only</field>
        <field name="model_id" ref="model_bdms_order"/>
        <field name="domain_force">[('supervisor_id','=',user.id)]</field>
        <field name="groups" eval="[(4, ref('group_breakdown_su_user'))]"/>
    </record>
    

    <!-- BDMS CQA USER -->


    <record model="ir.module.category" id="module_breakdown_order_cqa_user">
        <field name="name">Breakdown CQA User</field>
        <field name="description">Controlling Access Rights For Breakdown CQA User</field>
        <field name="sequence">106</field>
    </record>

    <record id="group_breakdown_cqa_user" model="res.groups">
        <field name="name">Breakdown CQA User</field>
        <field name="category_id" ref="module_breakdown_order_cqa_user"/>
    </record>

    <record model="ir.rule" id="breakdown_cqa_user_record_rule">
        <field name="name">CQA User See Related Order Only</field>
        <field name="model_id" ref="model_bdms_order"/>
        <field name="domain_force">[('cqa_id','=',user.id)]</field>
        <field name="groups" eval="[(4, ref('group_breakdown_cqa_user'))]"/>
    </record>

    <!-- BDMS BUSINESS USER HEAD -->


    <record model="ir.module.category" id="module_breakdown_order_bu_user_head">
        <field name="name">Breakdown Business User Head</field>
        <field name="description">Controlling Access Rights For Breakdown Business User Head</field>
        <field name="sequence">106</field>
    </record>

    <record id="group_breakdown_bu_user_head" model="res.groups">
        <field name="name">Breakdown Business User Head</field>
        <field name="category_id" ref="module_breakdown_order_bu_user_head"/>
    </record>

    <record model="ir.rule" id="breakdown_bu_user_head_record_rule">
        <field name="name">Business User Head See Related Order Only</field>
        <field name="model_id" ref="model_bdms_order"/>
        <field name="domain_force">[('business_head_id','=',user.id)]</field>
        <field name="groups" eval="[(4, ref('group_breakdown_bu_user_head'))]"/>
    </record>

    <!-- BDMS BUSINESS UNIT HEAD -->

<!-- 
    <record model="ir.module.category" id="module_breakdown_order_bu_unit_head">
        <field name="name">Breakdown Business Unit Head</field>
        <field name="description">Controlling Access Rights For Breakdown Business Unit Head</field>
        <field name="sequence">106</field>
    </record>

    <record id="group_breakdown_bu_unit_head" model="res.groups">
        <field name="name">Breakdown Business Unit Head</field>
        <field name="category_id" ref="module_breakdown_order_bu_unit_head"/>
    </record>

    <record model="ir.rule" id="breakdown_bu_unit_head_record_rule">
        <field name="name">Business Unit Head See Related Order Only</field>
        <field name="model_id" ref="model_bdms_order"/>
        <field name="domain_force">[('bu_unit_head_id','=',user.id)]</field>
        <field name="groups" eval="[(4, ref('group_breakdown_bu_unit_head'))]"/>
    </record> -->

    <!-- BDMS SAFETY OFFICER -->


    <record model="ir.module.category" id="module_breakdown_order_safety_officer">
        <field name="name">Breakdown Safety Officer</field>
        <field name="description">Controlling Access Rights For Breakdown Safety Officer</field>
        <field name="sequence">106</field>
    </record>

    <record id="group_breakdown_safety_officer" model="res.groups">
        <field name="name">Breakdown Safety Officer</field>
        <field name="category_id" ref="module_breakdown_order_safety_officer"/>
    </record>

    <record model="ir.rule" id="breakdown_safety_officer_record_rule">
        <field name="name">Safety Officer See Related Order Only</field>
        <field name="model_id" ref="model_bdms_order"/>
        <field name="domain_force">[('saftyofficer_id','=',user.id)]</field>
        <field name="groups" eval="[(4, ref('group_breakdown_safety_officer'))]"/>
    </record>
</odoo>

        
       
    
    



        
       
    

