<?xml version="1.0" encoding="utf-8"?>
<odoo>

    <record model="ir.module.category" id="module_preventive_order_planner">
        <field name="name">Preventive Planner</field>
        <field name="description">Controlling Access Rights For Preventive Planner</field>
        <field name="sequence">103</field>
    </record>


    <record id="group_preventive_planner" model="res.groups">
        <field name="name">Preventive Planner</field>
        <field name="category_id" ref="module_preventive_order_planner"/>
    </record>


    <record model="ir.rule" id="preventive_planner_user_record_rule">
        <field name="name">Planner See Related Order Only</field>
        <field name="model_id" ref="model_preventive_order"/>
        <field name="domain_force">[('planner_id','=',user.id)]</field>
        <field name="groups" eval="[(4, ref('group_preventive_planner'))]"/>
    </record>

                         <!-- Preventive TECHNICIAN -->

    <record model="ir.module.category" id="module_preventive_order_technician">
        <field name="name">Preventive Technician</field>
        <field name="description">Controlling Access Rights For Preventive Planner</field>
        <field name="sequence">104</field>
    </record>


    <record id="group_preventive_technician" model="res.groups">
        <field name="name">Preventive Technician</field>
        <field name="category_id" ref="module_preventive_order_technician"/>
    </record>


    <record model="ir.rule" id="preventive_technician_user_record_rule">
        <field name="name">Technician See Related Order Only</field>
        <field name="model_id" ref="model_preventive_order"/>
        <field name="domain_force">['|',('technician_id','=',user.id),('technician_id','=',False)]</field>
        <field name="groups" eval="[(4, ref('group_preventive_technician'))]"/>
    </record>


                        <!-- Preventive BUSINESS USER -->


    <record model="ir.module.category" id="module_preventive_order_business_user">
        <field name="name">Preventive Business User</field>
        <field name="description">Controlling Access Rights For Preventive Business User</field>
        <field name="sequence">105</field>
    </record>


    <record id="group_preventive_business_user" model="res.groups">
        <field name="name">Preventive Business User</field>
        <field name="category_id" ref="module_preventive_order_business_user"/>
    </record>


    <record model="ir.rule" id="preventive_business_user_record_rule">
        <field name="name">Business User See Related Order Only</field>
        <field name="model_id" ref="model_preventive_order"/>
        <field name="domain_force">[('business_id','=',user.id)]</field>
        <field name="groups" eval="[(4, ref('group_preventive_business_user'))]"/>
    </record>

                         <!-- Preventive QA USER -->


    <record model="ir.module.category" id="module_preventive_order_qa_user">
        <field name="name">Preventive QA User</field>
        <field name="description">Controlling Access Rights For Preventive QA User</field>
        <field name="sequence">106</field>
    </record>

    <record id="group_preventive_qa_user" model="res.groups">
        <field name="name">Preventive QA User</field>
        <field name="category_id" ref="module_preventive_order_qa_user"/>
    </record>

    <record model="ir.rule" id="preventive_qa_user_record_rule">
        <field name="name">QA User See Related Order Only</field>
        <field name="model_id" ref="model_preventive_order"/>
        <field name="domain_force">[('qa_id','=',user.id)]</field>
        <field name="groups" eval="[(4, ref('group_preventive_qa_user'))]"/>
    </record>


                        <!-- Preventive Supervisor USER -->


    <record model="ir.module.category" id="module_preventive_order_su_user">
        <field name="name">Preventive Supervisor User</field>
        <field name="description">Controlling Access Rights For Preventive Supervisor User</field>
        <field name="sequence">106</field>
    </record>

    <record id="group_preventive_su_user" model="res.groups">
        <field name="name">Preventive Supervisor User</field>
        <field name="category_id" ref="module_preventive_order_su_user"/>
    </record>

    <record model="ir.rule" id="preventive_su_user_record_rule">
        <field name="name">Supervisor User See Related Order Only</field>
        <field name="model_id" ref="model_preventive_order"/>
        <field name="domain_force">[('supervisor_id','=',user.id)]</field>
        <field name="groups" eval="[(4, ref('group_preventive_su_user'))]"/>
    </record>
    



</odoo>

        
       
    
    



        
       
    

