<?xml version="1.0" encoding="utf-8"?>
<!-- Copyright (c) 2016-Present Webkul Software Pvt. Ltd. (<https://webkul.com/>) -->
<!-- See LICENSE file for full copyright and licensing details. -->
<odoo>
    <data noupdate="1">

		<!-- <record id="wk_sale_team" model="crm.team">
            <field name="name">Prestashop   </field>
            <field name="code">PS</field>
            <field name="use_quotations">1</field>
            <field name="use_invoices">1</field>
        </record> -->
        <function
                id="pob_salesteam_id"
                model="crm.team"
                name="create_sales_team"/>
        <!-- <function
                id="pob_dashboard_data_id"
                model="pob.dashboard"
                name="create_dashboard"/> -->
    </data>
</odoo>
