<?xml version="1.0"?>
<!-- Copyright (c) 2016-Present Webkul Software Pvt. Ltd. (<https://webkul.com/>) -->
<!-- See LICENSE file for full copyright and licensing details. -->
<odoo>
  <data noupdate="1">
    <!--~~~~~~~~~~~~~~~~~~~~~~~~~~~Sync_Selected_Product~~~~~~~~~~~~~~~~~~~~~~~~~~~~~~~~~~~-->
        <record id="action_multiple_synchronize_products" model="ir.actions.server">
            <field name="name">Synchronize with Prestashop</field>
            <field name="type">ir.actions.server</field>
            <field name="model_id" ref="model_prestashoperp_sync_now"/>
            <field name="binding_model_id" ref="model_product_product"/>
            <field name="state">code</field>
            <field name="code">action = model.action_multiple_synchronize_products()</field>
            
        </record>

        <!-- <record id="ir_open_multiple_synchronize_products" model="ir.values">
            <field eval="'client_action_multi'" name="key2"/>
            <field eval="'product.product'" name="model"/>
            <field name="name">Synchronize with Prestashop</field>
            <field eval="'ir.actions.server,%d'%action_multiple_synchronize_products" name="value"/>
            <field eval="True" name="object"/>
        </record> -->

    <!--~~~~~~~~~~~~~~~~~~~~~~~~Sync_Selected_Product_Category~~~~~~~~~~~~~~~~~~~~~~~~~~~~-->
        <record id="action_multiple_synchronize_categories" model="ir.actions.server">
            <field name="name">Synchronize with Prestashop</field>
            <field name="model_id" ref="model_prestashoperp_sync_now"/>
            <field name="binding_model_id" ref="model_product_category"/>
            <field name="state">code</field>
            <field name="code">action = model.action_multiple_synchronize_categories()</field>
        </record>

        <!-- <record id="ir_open_multiple_synchronize_categories" model="ir.values">
            <field eval="'client_action_multi'" name="key2"/>
            <field eval="'product.category'" name="model"/>
            <field name="name">Synchronize with Prestashop</field>
            <field eval="'ir.actions.server,%d'%action_multiple_synchronize_categories" name="value"/>
            <field eval="True" name="object"/>
        </record> -->

    <!--~~~~~~~~~~~~~~~~~~~~~~Sync_Selected_Product_Template~~~~~~~~~~~~~~~~~~~~~~~~~~~~~~~~-->
        <record id="action_multiple_synchronize_templates" model="ir.actions.server">
            <field name="name">Force Export/Update to Prestashop</field>
            <field name="model_id" ref="model_prestashoperp_sync_now"/>
            <field name="binding_model_id" ref="model_product_template"/>
            <field name="state">code</field>
            <field name="code">action = model.action_multiple_synchronize_templates()</field>
        </record>

        <!-- <record id="ir_open_multiple_synchronize_templates" model="ir.values">
            <field eval="'client_action_multi'" name="key2"/>
            <field eval="'product.template'" name="model"/>
            <field name="name">Force Export/Update to Prestashop</field>
            <field eval="'ir.actions.server,%d'%action_multiple_synchronize_templates" name="value"/>
            <field eval="True" name="object"/>
        </record> -->

  </data>
</odoo>
