<?xml version="1.0" encoding="utf-8"?>

<!-- create_by           | create_date | update_by           | update_date -->
<!-- Yogeshwar Chaudhari |  21/04/2020 |                     |   -->

<odoo>
    <data>
        <record id="to_send_mail_request_approval_for_bu" model="mail.template">
            <field name="name"> Mail To Request Approve For Business User</field>
            <field name="model_id" ref="calibration_custom_model.model_calibration_schedule"/>
            <field name="email_from">${object.planner_id.login}</field>
            <field name="email_to">${object.business_user_id.login}</field>
            <field name="subject"> To Request Approvals For Business User </field>
            <field name="use_default_to" eval="False"/>
            <field name="body_html" type="html">
                <div>
                    <h3>Please Accept The Approval Request Business User For Following Calibration Schedule</h3><br/>
                  
                        <p>Instrument Name Is    -  <q>${object.instrument_id.name}</q></p><br/>
                        <p>Last Calibration Date -  <q>${object.last_calibration_date}</q></p><br/>
                        <p>Due Date              -  <q>${object.due_date}</q></p><br/>
                        <p>Final Date            -  <q>${object.final_date}</q></p><br/>
                        <p>From Date             -  <q>${object.from_date}</q></p><br/>
                        <p>To Date               -  <q>${object.to_date}</q></p><br/>
                    <!-- <ul>
                        <li>Instrument Name Is    -  ${object.instrument_id.name}</li><br/>
                        <li>Last Calibration Date -  ${object.last_calibration_date}</li><br/>
                        <li>Due Date              -  ${object.due_date}</li><br/>
                        <li>Final Date            -  ${object.final_date}</li><br/>
                        <li>From Date             -  ${object.from_date}</li><br/>
                        <li>To Date               -  ${object.to_date}</li><br/>
                    </ul> -->
                </div>
            </field>    
        </record>

         <record id="to_send_mail_request_approval_for_business_template" model="mail.template">
            <field name="name"> Mail To Request Approve For Business User</field>
            <field name="model_id" ref="calibration_custom_modelalibration_schedule"/>
            <field name="email_from">${object.planner_id.login}</field>
            <field name="email_to">${object.business_user_id.login}</field>
            <field name="subject"> To Request Approvals For Business User </field>
            <field name="use_default_to" eval="False"/>
            <field name="body_html" type="html">
                <div>
                    <h3>Please Accept The Approval Request Business User For Following Calibration Schedule</h3><br/>
                        % for order in object:
                        <p>Instrument Name Is    -  <q>${order.instrument_id.name}</q></p><br/>
                        <!-- <p>Last Calibration Date -  <q>${order.last_calibration_date}</q></p><br/> -->
                        <p>Due Date              -  <q>${order.due_date}</q></p><br/>
                        <p>Final Date            -  <q>${order.final_date}</q></p><br/>
                        <!-- <p>From Date             -  <q>${order.from_date}</q></p><br/>
                        <p>To Date               -  <q>${order.to_date}</q></p><br/> -->
                        %endfor
                </div>
            </field>    
        </record>
    </data>
</odoo>