<?xml version="1.0" encoding="utf-8"?>
<!-- Copyright (c) 2016-Present Webkul Software Pvt. Ltd. (<https://webkul.com/>) -->
<!-- See LICENSE file for full copyright and licensing details. -->
<odoo>
	<data noupdate="1" >
		<record model="ir.module.category" id="module_pob_connector_security_category">
			<field name="name">PrestaShop Bridge</field>
			<field name="description">POB Connector</field>
			<field name="sequence">30</field>
	    </record>

		<record id="group_pob_connector_no_body" model="res.groups">
			<field name="name">No Body</field>
			<field name="comment">Not Intended to use POB</field>
			<field name="category_id" ref="module_pob_connector_security_category"/>
		</record>

		<record id="group_pob_connector_user" model="res.groups">
			<field name="name">User</field>
			<field name="comment">Limited Access on POB Connector.</field>
			<field name="category_id" ref="module_pob_connector_security_category"/>
			<field name="implied_ids" eval="[(4, ref('group_pob_connector_no_body'))]"/>

		</record>

	    <record id="group_pob_connector_manager" model="res.groups">
	        <field name="name">Manager</field>
			<field name="comment">Full Access on POB Connector.</field>
			<field name="category_id" ref="module_pob_connector_security_category"/>
	        <field name="users" eval="[(4, ref('base.user_root')), (4, ref('base.user_admin'))]"/>
			<field name="implied_ids" eval="[(4, ref('group_pob_connector_user'))]"/>
	    </record>
	</data>
</odoo>
