<?xml version="1.0" encoding="utf-8"?>
<odoo>
<!-- ======================================================================================================================-->

                <!--Added by ajinkya joshi on 16-june-2020-->
                <!--Hide Create Orders Button from Action-->

        <record id="enable_create_orders_action_menu" model="res.groups">
            <field name="name">To Enable Create Orders Menu</field>
            <field name="category_id" ref="base.module_category_hidden"/>
        </record>

                <!--Hide Request Approval Button from Action-->
        <record id="enable_request_approval_action_menu" model="res.groups">
            <field name="name">To Enable Request Approval Menu</field>
            <field name="category_id" ref="base.module_category_hidden"/>
        </record>

        <!--Hide Set To Draft Button from Action-->
        <record id="enable_set_to_draft_action_menu" model="res.groups">
            <field name="name">To Enable Set to Draft Menu</field>
            <field name="category_id" ref="base.module_category_hidden"/>
        </record>

<!-- ======================================================================================================================-->

                <!--Added by ajinkya joshi on 17-june-2020-->
                <!--Hide Generate Schedule Button from Action for BA and QA-->

        <record id="enable_genrate_sch_action_menu" model="res.groups">
            <field name="name">To Enable Generate Sch. Menu</field>
            <field name="category_id" ref="base.module_category_hidden"/>
        </record>

<!-- ======================================================================================================================-->

                <!--Added by ajinkya joshi on 17-june-2020-->
                <!--Hide Generate Schedule Button from Action for BA and QA-->

        <record id="enable_print_label_button" model="res.groups">
            <field name="name">To Enable Print Label Button</field>
            <field name="category_id" ref="base.module_category_hidden"/>
        </record>

        <record id="enable_print_calibration_button" model="res.groups">
            <field name="name">To Enable Print Calibration Button</field>
            <field name="category_id" ref="base.module_category_hidden"/>
        </record>


<!-- ======================================================================================================================-->

                <!--Added by ajinkya joshi on 15-june-2020-->
                <!--Hide Approve/Reject Button from Action-->

        <record id="enable_approve_reject_action_menu" model="res.groups">
            <field name="name">To Enable Approve / Reject Menu</field>
            <field name="category_id" ref="base.module_category_hidden"/>
        </record>

<!-- ======================================================================================================================================== -->
            	                 <!-- Added By Yogeshwar Chaudhari On 09-06-2020 -->
                  	  <!--  This Block Is For Enable Calibration Root Menu As Per User Rights --> 

	<!-- <record id="enable_order_master_root_menu" model="res.groups">
		<field name="name">Enable Masters Root Menu</field>
	</record>

    <record  id="calibration_custom_model.calibration_menu_masters" model="ir.ui.menu">
		<field name="groups_id" eval="[(6,0,[ref('enable_order_master_root_menu')])]"/>
	</record>  -->
<!-- !!!!!!!!!!!!!!!!!!!!!!!!!!!!!!!!!!!!!!!!!!!!!!!!!!!!!!!!!!!!!!!!!!!!!!!!!!!!!!!!!!!!!!!!!!!!!!!!!!!!!!!!!!!!!!!!!!!!!!!!!!!!!!!!!!!!!!!!!!-->

    <!-- <record id="enable_order_configuration_root_menu" model="res.groups">
		<field name="name">Enable Configuration Root Menu</field>
	</record>

    <record  id="calibration_custom_model.calibration_menu_configuration" model="ir.ui.menu">
		<field name="groups_id" eval="[(6,0,[ref('enable_order_configuration_root_menu')])]"/>
	</record> -->

<!-- !!!!!!!!!!!!!!!!!!!!!!!!!!!!!!!!!!!!!!!!!!!!!!!!!!!!!!!!!!!!!!!!!!!!!!!!!!!!!!!!!!!!!!!!!!!!!!!!!!!!!!!!!!!!!!!!!!!!!!!!!!!!!!!!!!!!!!!!! -->

   <!-- <record id="enable_order_reporting_root_menu" model="res.groups">
		<field name="name">Enable Reporting Root Menu</field>
	</record>

    <record  id="calibration_custom_model.calibration_menu_reports" model="ir.ui.menu">
		<field name="groups_id" eval="[(6,0,[ref('enable_order_reporting_root_menu')])]"/>
	</record>  -->
<!--===========================================================================================================================================-->
                                            <!-- Added By Yogeshwar On 11/06/2020 -->
        <record id="make_buapproval_button_enable_for_schedule_approval" model="res.groups">
            <field name="name">To Show BU Approval Button For Schedule Approvals</field>
            <field name="category_id" ref="base.module_category_hidden"/>
        </record>

        <record id="make_qaapproval_button_enable_for_schedule_approval" model="res.groups">
            <field name="name">To Show QA Approval Button For Schedule Approvals</field>
            <field name="category_id" ref="base.module_category_hidden"/>
        </record>

        <record id="make_reject_button_enable_for_schedule_approval" model="res.groups">
            <field name="name">To Show Reject Approval Button For Schedule Approvals</field>
            <field name="category_id" ref="base.module_category_hidden"/>
        </record> 
                                 <!-- Added By Yogeshwar On 09-06-2020 -->

                                <!-- This Bolck Is For Hide Button As Per User-->

        <record id="make_active_order_button_visible" model="res.groups">
            <field name="name">To Show Active Order Button For Calibration Order</field>
            <field name="category_id" ref="base.module_category_hidden"/>
        </record>

        <record id="make_assign_order_button_visible" model="res.groups">
            <field name="name">To Show Assign Order Button For Calibration Order</field>
            <field name="category_id" ref="base.module_category_hidden"/>
        </record>

        <record id="make_start_order_button_visible" model="res.groups">
            <field name="name">To Show Start Order Button For Calibration Order</field>
            <field name="category_id" ref="base.module_category_hidden"/>
        </record>

        <record id="make_release_order_button_visible" model="res.groups">
            <field name="name">To Show Release Order Button For Calibration Order</field>
            <field name="category_id" ref="base.module_category_hidden"/>
        </record>

        <record id="make_pre_approval_order_button_visible" model="res.groups">
            <field name="name">To Show Pre-Approval Order Button For Calibration Order</field>
            <field name="category_id" ref="base.module_category_hidden"/>
        </record>

        <record id="make_complte_order_button_visible" model="res.groups">
            <field name="name">To Show Complete Order Button For Calibration Order</field>
            <field name="category_id" ref="base.module_category_hidden"/>
        </record>

        <record id="make_post_approval_order_button_visible" model="res.groups">
            <field name="name">To Show Post-Approval Order Button For Calibration Order</field>
            <field name="category_id" ref="base.module_category_hidden"/>
        </record>

        <record id="make_closed_order_button_visible" model="res.groups">
            <field name="name">To Show Closed Order Button For Calibration Order</field>
            <field name="category_id" ref="base.module_category_hidden"/>
        </record>

        <record id="make_unassign_order_button_visible" model="res.groups">
            <field name="name">To Show Unassign Order Button For Calibration Order</field>
            <field name="category_id" ref="base.module_category_hidden"/>
        </record> 
    <!-- =================================================================================================================== -->

					<!-- Added By Yogeshwar Chaudhari On 29-04-2020 -->
				<!-- This Block Is For Enable Calibration Menu As Per User Rights -->

	<!-- <record id="enable_order_creation_menu" model="res.groups">
		<field name="name">Enable Order Creation Menu</field>
	</record>

        <record  id="calibration_custom_model.calibration_menu_order_creation" model="ir.ui.menu">
		<field name="groups_id" eval="[(6,0,[ref('enable_order_creation_menu')])]"/>
	</record> -->
 <!-- ========================================================++++==================================================================== -->
       <!-- <record id="enable_active_order_menu" model="res.groups">
		<field name="name">Enable Active Order Menu</field>
	</record>
        
        <record  id="calibration_custom_model.calibration_menu_active_orders" model="ir.ui.menu">
		<field name="groups_id" eval="[(6,0,[ref('enable_active_order_menu')])]"/>
	</record> -->
  <!-- ========================================================++++==================================================================== -->        
       <!-- <record id="enable_inactive_order_menu" model="res.groups">
		<field name="name">Enable Inactive Order Menu</field>
	</record>
        
        <record  id="calibration_custom_model.calibration_menu_inactive_orders" model="ir.ui.menu">
		<field name="groups_id" eval="[(6,0,[ref('enable_inactive_order_menu')])]"/>
	</record> -->
 <!-- ========================================================++++==================================================================== -->        
    <!-- <record id="enable_assign_orders_menu" model="res.groups">
		<field name="name">Enable Assign Orders Menu</field>
	</record>
        
        <record  id="calibration_custom_model.calibration_menu_assign_orders" model="ir.ui.menu">
		<field name="groups_id" eval="[(6,0,[ref('enable_assign_orders_menu')])]"/>
	</record> -->
 <!-- ========================================================++++==================================================================== -->        
       <!-- <record id="enable_unassign_orders_menu" model="res.groups">
		<field name="name">Enable Unassign Orders Menu</field>
	</record>
        
        <record  id="calibration_custom_model.calibration_menu_unassign_orders" model="ir.ui.menu">
		<field name="groups_id" eval="[(6,0,[ref('enable_unassign_orders_menu')])]"/>
	</record> -->
  <!-- ========================================================++++==================================================================== -->
      <!-- <record id="enable_order_by_status_menu" model="res.groups">
		<field name="name">Enable Order By Status Menu</field>
	</record>
        
        <record  id="calibration_custom_model.calibration_menu_order_by_status" model="ir.ui.menu">
		<field name="groups_id" eval="[(6,0,[ref('enable_order_by_status_menu')])]"/>
	</record> -->
  <!-- ========================================================++++==================================================================== -->
        <!-- <record id="enable_closed_order_menu" model="res.groups">
		<field name="name">Enable Closed Order Menu</field>
	</record>
        
        <record  id="calibration_custom_model.calibration_menu_closed_order" model="ir.ui.menu">
		<field name="groups_id" eval="[(6,0,[ref('enable_closed_order_menu')])]"/>
	</record> -->
  <!-- ========================================================++++==================================================================== -->
        <!-- <record id="enable_over_due_order_menu" model="res.groups">
		<field name="name">Enable Over Due Order Menu</field>
	</record>
        
        <record  id="calibration_custom_model.calibration_menu_overdue_order" model="ir.ui.menu">
		<field name="groups_id" eval="[(6,0,[ref('enable_over_due_order_menu')])]"/>
	</record>  -->
 <!-- ========================================================++++==================================================================== -->
       <!-- <record id="enable_schedule_create_menu" model="res.groups">
		<field name="name">Enable Create Schedule Menu</field>
	</record>
        
        <record  id="calibration_custom_model.calibration_menu_schedule_create" model="ir.ui.menu">
		<field name="groups_id" eval="[(6,0,[ref('enable_schedule_create_menu')])]"/>
	</record> -->
 <!-- ========================================================++++==================================================================== -->
        <!-- <record id="enable_schedule_menu" model="res.groups">
		<field name="name">Enable Schedule Menu</field>
	</record>
        
        <record  id="calibration_custom_model.menu_schedule" model="ir.ui.menu">
		<field name="groups_id" eval="[(6,0,[ref('enable_schedule_menu')])]"/>
	</record> -->
 <!-- ========================================================++++==================================================================== -->
        <!-- <record id="enable_menu_scheduling_editing" model="res.groups">
		<field name="name">Enable Schedule Editing Menu</field>
	</record>
        
        <record  id="calibration_custom_model.calibration_menu_schedule_editing" model="ir.ui.menu">
		<field name="groups_id" eval="[(6,0,[ref('enable_menu_scheduling_editing')])]"/>
	</record> -->
  <!-- ========================================================++++==================================================================== -->
        <!-- <record id="enable_schedule_approvals_menu" model="res.groups">
		<field name="name">Enable Schedule Approvals Menu</field>
	</record>
        
        <record  id="calibration_custom_model.calibration_menu_schedule_approvals" model="ir.ui.menu">
		<field name="groups_id" eval="[(6,0,[ref('enable_schedule_approvals_menu')])]"/>
	</record>  -->
 
<!-- ===================================================================================================================================== -->
                         <!-- Added By Yogeshwar Chaudhari | 05/06/2020 -->

  <!-- <record id="enable_schedule_approval_business_user" model="res.groups">
        <field name="name">Enable Calibration Scheduled Approvals For Business User</field>
    </record>

    <record  id="calibration_custom_model.calibration_schedule_approval_for_business_menu" model="ir.ui.menu">
		<field name="groups_id" eval="[(6,0,[ref('enable_schedule_approval_business_user')])]"/>
	</record>  -->
<!-- =================================================================================================================== -->
                           <!-- Added By Yogeshwar Chaudhari | 05/06/2020 -->
  <!-- <record id="enable_schedule_approval_qa_user" model="res.groups">
        <field name="name">Enable Calibration Scheduled Approvals For QA User</field>
    </record>

    <record  id="calibration_custom_model.calibration_schedule_approval_for_qa_menu" model="ir.ui.menu">
		<field name="groups_id" eval="[(6,0,[ref('enable_schedule_approval_qa_user')])]"/>
	</record> -->
 <!-- =================================================================================================================== -->
        <!-- Added By Yogeshwar Chaudhari | 09/06/2020 -->
    <!-- <record id="enable_calibration_order_in_process" model="res.groups">
        <field name="name">Enable Calibration In Process Orders</field>
    </record>

    <record  id="calibration_custom_model.calibration_menu_in_process_orders" model="ir.ui.menu">
		<field name="groups_id" eval="[(6,0,[ref('enable_calibration_order_in_process')])]"/>
	</record>  -->
<!-- ===================================================================================================================== -->
            <!-- Added By Yogeshwar Chaudhari | 09/06/2020 -->
    
    <!-- <record id="enable_calibration_order_for_business_user_menu" model="res.groups">
        <field name="name">Enable Calibration Order Approvals For Business User</field>
    </record>

    <record  id="calibration_custom_model.calibration_menu_for_business_user_approval" model="ir.ui.menu">
		<field name="groups_id" eval="[(6,0,[ref('enable_calibration_order_for_business_user_menu')])]"/>
	</record>  -->
<!-- ====================================================================================================================== -->
                        <!-- This Block Is For Enable Button On Remark Wizard View -->

                	       <!-- Added  By Yogeshwar On 29-04-2020-->
        <record id="enable_approve_button_visible" model="res.groups">
            <field name="name">To Enable Approve Button For Remark</field>
            <field name="category_id" ref="base.module_category_hidden"/>
        </record>
        

	  		<!-- Added By Yogeshwar On 29-04-2020 -->
         <record id="enable_reject_button_visible" model="res.groups">
            <field name="name">To Enable Reject Button For Remark</field>
            <field name="category_id" ref="base.module_category_hidden"/>
        </record>


		 	 <!-- Added By Yogeshwar On 29-04-2020 -->
         <record id="enable_unassign_button_visible" model="res.groups">
            <field name="name">To Enable Unassign Button For Remark</field>
            <field name="category_id" ref="base.module_category_hidden"/>
        </record>


               		<!-- Added By Yogeshwar On 29-04-2020 -->        
         <record id="enable_rework_button_visible" model="res.groups">
            <field name="name">To Enable Re-Worked  Button For Remark</field>
            <field name="category_id" ref="base.module_category_hidden"/>
        </record>
 
  <!-- =================================================================================================================== -->
                                 <!-- This Block Is For Approvals As Per Business User Ans QA User -->
  
        <record id="make_qa_approve_visible" model="res.groups">
            <field name="name">To Show QA Approve</field>
            <field name="category_id" ref="base.module_category_hidden"/>
        </record>
                      <!-- Added By Yogeshwar 17-04-2020 -->
        <record id="make_bu_approve_visible" model="res.groups">
            <field name="name">To Show Business User Approve</field>
            <field name="category_id" ref="base.module_category_hidden"/>
        </record>
  <!-- =================================================================================================================== -->  
                                 <!-- Added By Yogeshwar On 23-04-2020 -->
                              
<!--=================================== This Bolck Is For Groups As Per User ==================================================================-->
        
        <!-- <record model="ir.module.category" id="module_calibration_schedule_custom">
            <field name="name">SBiz Calibration</field>
            <field name="description">Controlling Access Rights For Calibration Schedule</field>
            <field name="sequence">103</field>    
        </record> -->

<!--================================== Below Group Is Made For Planner ====================================================================== -->
        <!-- <record id="group_planner_user" model="res.groups">
            <field name="name">Planner</field>
            <field name="category_id" ref="module_calibration_schedule_custom"/>
        </record>  -->
    
<!--==================================Below Group Is Made For Technician ===================================================================== -->
        <!-- <record id="group_technician_user" model="res.groups">
            <field name="name">Technician</field>
            <field name="category_id" ref="module_calibration_schedule_custom"/> -->
            <!-- <field name="implied_ids" eval="[(4, ref('group_planner_user'))]"/> -->
         <!-- </record> -->

<!--================================== Below Group Is Made For Business User ===================================================================-->
        <!-- <record id="group_business_user" model="res.groups">
            <field name="name">Business User</field>
            <field name="category_id" ref="module_calibration_schedule_custom"/> -->
            <!-- <field name="implied_ids" eval="[(4, ref('group_technician_user'))]"/> -->
        <!-- </record> -->

    
<!--==================================== Below Group Is Made For QA User ===================================================================== -->
        
        <!-- <record id="group_qa_user" model="res.groups">
            <field name="name">QA User</field>
            <field name="category_id" ref="module_calibration_schedule_custom"/> -->
            <!-- <field name="implied_ids" eval="[(4, ref('group_business_user'))]"/> -->
        <!-- </record>   -->


<!--================================== Record Rule For To Show Order Of Planner ===============================================================-->
        <!-- <record model="ir.rule" id="planner_user_record_rule">
            <field name="name">Planner See Related Order Only</field>
            <field name="model_id" ref="model_calibration_order"/>
            <field name="domain_force">[('planner_id','=',user.id)]</field>
            <field name="groups" eval="[(4, ref('group_planner_user'))]"/>
        </record> -->

<!--================================== Record Rule For To Show Order Of Technician ============================================================-->
        <!-- <record model="ir.rule" id="technician_user_record_rule">
            <field name="name">Technician See Related Order Only</field>
            <field name="model_id" ref="model_calibration_order"/>
            <field name="domain_force">['|',('technician_id','=',user.id),('technician_id','=',False)]</field>
            <field name="groups" eval="[(4, ref('group_technician_user'))]"/>
        </record> -->

<!--===================================== Record Rule For To Show Order Of Business User =====================================================-->
        <!-- <record model="ir.rule" id="business_user_record_rule">
            <field name="name">Business User See Related Order Only</field>
            <field name="model_id" ref="model_calibration_order"/>
            <field name="domain_force">[('business_id','=',user.id)]</field>
            <field name="groups" eval="[(4, ref('group_business_user'))]"/>
        </record> -->

<!--===================================== Record Rule For To Show Order Of QA =================================================================-->
        <!-- <record model="ir.rule" id="qa_user_record_rule">
            <field name="name">QA User See Related Order Only</field>
            <field name="model_id" ref="model_calibration_order"/>
            <field name="domain_force">[('qa_id','=',user.id)]</field>
            <field name="groups" eval="[(4, ref('group_qa_user'))]"/>
        </record> -->

<!-- ========================================================================================================================================= -->
                                                <!-- Date 30/06/2020 -->

          
        <!-- <record model="ir.module.category" id="calibration_planner_group">
            <field name="name">Calibration Planner</field>
            <field name="description">Controlling Access Rights For Calibration Planner</field>
            <field name="sequence">104</field>    
        </record>

        <record id="calibration_planner_user_group" model="res.groups">
            <field name="name">C Planner</field>
            <field name="category_id" ref="calibration_planner_group"/>
        </record>  -->
<!-- ========================================================================================================================================== -->

        <!-- <record model="ir.module.category" id="calibration_technician_group">
            <field name="name">Calibration Technician</field>
            <field name="description">Controlling Access Rights For Calibration Technician</field>
            <field name="sequence">105</field>    
        </record>

        <record id="calibration_technician_user_group" model="res.groups">
            <field name="name">C Technician</field>
            <field name="category_id" ref="calibration_technician_group"/>
        </record> -->
<!-- +++++++++++++++++++++++++++++++++++++++++++++++++++++++++++++++++++++++++++++++++++++++++++++++++++++++++++++++++++++++++++++++++++++++++ -->
        
        <!-- <record model="ir.module.category" id="calibration_business_group">
            <field name="name">Calibration Business</field>
            <field name="description">Controlling Access Rights For Calibration Business</field>
            <field name="sequence">106</field>    
        </record>

        <record id="calibration_business_user_group" model="res.groups">
            <field name="name">C Business User</field>
            <field name="category_id" ref="calibration_business_group"/>
        </record> -->
<!-- ++++++++++++++++++++++++++++++++++++++++++++++++++++++++++++++++++++++++++++++++++++++++++++++++++++++++++++++++++++++++++++++++++++++++++ -->
        <!-- <record model="ir.module.category" id="calibration_qa_group">
            <field name="name">Calibration QA User</field>
            <field name="description">Controlling Access Rights For Calibration QA User</field>
            <field name="sequence">107</field>    
        </record>

        <record id="calibration_qa_user_group" model="res.groups">
            <field name="name">C QA User</field>
            <field name="category_id" ref="calibration_qa_group"/> 
        </record>-->
       
</odoo>

        
       
    
    



        
       
    

