<?xml version="1.0" encoding="utf-8"?>
<odoo>

    <!-- Added By Yogeshwar Chaudhari | 10-07-2020 -->
    <!-- CALIBRATION PLANNER -->
    <record model="ir.module.category" id="module_calibration_order_planner">
        <field name="name">Calibration Planner</field>
        <field name="description">Controlling Access Rights For Calibration Planner</field>
        <field name="sequence">103</field>
    </record>


    <record id="group_calibration_planner" model="res.groups">
        <field name="name">Calibration Planner</field>
        <field name="category_id" ref="module_calibration_order_planner"/>
    </record>


    <record model="ir.rule" id="calibration_planner_user_record_rule">
        <field name="name">Planner See Related Order Only</field>
        <field name="model_id" ref="model_calibration_order"/>
        <field name="domain_force">[('planner_id','=',user.id)]</field>
        <field name="groups" eval="[(4, ref('group_calibration_planner'))]"/>
    </record>

    <!-- CALIBRATION TECHNICIAN -->

    <record model="ir.module.category" id="module_calibration_order_technician">
        <field name="name">Calibration Technician</field>
        <field name="description">Controlling Access Rights For Calibration Planner</field>
        <field name="sequence">104</field>
    </record>


    <record id="group_calibration_technician" model="res.groups">
        <field name="name">Calibration Technician</field>
        <field name="category_id" ref="module_calibration_order_technician"/>
    </record>


    <record model="ir.rule" id="calibration_technician_user_record_rule">
        <field name="name">Technician See Related Order Only</field>
        <field name="model_id" ref="model_calibration_order"/>
        <field name="domain_force">['|',('technician_id','=',user.id),('technician_id','=',False)]</field>
        <field name="groups" eval="[(4, ref('group_calibration_technician'))]"/>
    </record>


    <!-- CALIBRATION BUSINESS USER -->


    <record model="ir.module.category" id="module_calibration_order_business_user">
        <field name="name">Calibration Business User</field>
        <field name="description">Controlling Access Rights For Calibration Business User</field>
        <field name="sequence">105</field>
    </record>


    <record id="group_calibration_business_user" model="res.groups">
        <field name="name">Calibration Business User</field>
        <field name="category_id" ref="module_calibration_order_business_user"/>
    </record>


    <record model="ir.rule" id="calibration_business_user_record_rule">
        <field name="name">Business User See Related Order Only</field>
        <field name="model_id" ref="model_calibration_order"/>
        <field name="domain_force">[('business_id','=',user.id)]</field>
        <field name="groups" eval="[(4, ref('group_calibration_business_user'))]"/>
    </record>

    <!-- CALIBRATION QA USER -->


    <record model="ir.module.category" id="module_calibration_order_qa_user">
        <field name="name">Calibration QA User</field>
        <field name="description">Controlling Access Rights For Calibration QA User</field>
        <field name="sequence">106</field>
    </record>

    <record id="group_calibration_qa_user" model="res.groups">
        <field name="name">Calibration QA User</field>
        <field name="category_id" ref="module_calibration_order_qa_user"/>
    </record>

    <record model="ir.rule" id="calibration_qa_user_record_rule">
        <field name="name">QA User See Related Order Only</field>
        <field name="model_id" ref="model_calibration_order"/>
        <field name="domain_force">[('qa_id','=',user.id)]</field>
        <field name="groups" eval="[(4, ref('group_calibration_qa_user'))]"/>
    </record>

    <!-- TO SHOW MENU ASPER USER ACCESS RIGHTS-->

    <!-- Master Menu -->
    <!-- <record id="calibration_custom_model.calibration_menu_masters" model="ir.ui.menu">
        <field name="groups_id" eval="[(6,0,[ref('group_calibration_planner')])]"/>
    </record> -->
    <!-- Configuration Menu -->
    <!-- <record id="calibration_custom_model.calibration_menu_configuration" model="ir.ui.menu">
        <field name="groups_id" eval="[(6,0,[ref('group_calibration_planner')])]"/>
    </record> -->
    <!-- Reports Menu -->
    <!-- <record id="calibration_custom_model.calibration_menu_reports" model="ir.ui.menu">
        <field name="groups_id" eval="[(6,0,[ref('group_calibration_planner')])]"/>
    </record> -->
    <!-- Process -->
    <!-- <record id="calibration_custom_model.calibration_menu_process" model="ir.ui.menu">
        <field name="groups_id" eval="[(6,0,[ref('group_calibration_planner')])]"/>
    </record> -->
    <!-- Create Orders From Schedule -->
    <!-- <record id="calibration_custom_model.calibration_menu_order_creation" model="ir.ui.menu">
        <field name="groups_id" eval="[(6,0,[ref('group_calibration_planner')])]"/>
    </record> -->
    <!-- Create Orders Manual -->
    <!-- <record id="calibration_custom_model.calibration_menu_order_creation_manual" model="ir.ui.menu">
        <field name="groups_id" eval="[(6,0,[ref('group_calibration_planner')])]"/>
    </record> -->
    <!-- Assign Order -->
    <!-- <record id="calibration_custom_model.calibration_menu_assign_orders" model="ir.ui.menu">
        <field name="groups_id" eval="[(6,0,[ref('group_calibration_planner')])]"/>
    </record> -->
    <!-- Activate Orders -->
    <!-- <record id="calibration_custom_model.calibration_menu_activate_order" model="ir.ui.menu">
        <field name="groups_id" eval="[(6,0,[ref('group_calibration_planner')])]"/>
    </record> -->
    <!-- Unassign Orders -->
    <!-- <record id="calibration_custom_model.calibration_menu_unassign_orders" model="ir.ui.menu">
        <field name="groups_id" eval="[(6,0,[ref('group_calibration_planner')])]"/>
    </record> -->
    <!-- Order Approvals -->
    <!-- <record id="calibration_custom_model.calibration_menu_for_business_user_approval" model="ir.ui.menu">
        <field name="groups_id" eval="[(6,0,[ref('group_calibration_planner')])]"/>
    </record> -->
    <!-- Active Orders -->
    <!-- <record id="calibration_custom_model.calibration_menu_active_orders" model="ir.ui.menu">
        <field name="groups_id" eval="[(6,0,[ref('group_calibration_planner')])]"/>
    </record> -->
    <!-- InActive Orders -->
    <!-- <record id="calibration_custom_model.calibration_menu_inactive_orders" model="ir.ui.menu">
        <field name="groups_id" eval="[(6,0,[ref('group_calibration_planner')])]"/>
    </record> -->
    <!-- Order By Status -->
    <!-- <record id="calibration_custom_model.calibration_menu_order_by_status" model="ir.ui.menu">
        <field name="groups_id" eval="[(6,0,[ref('group_calibration_planner')])]"/>
    </record> -->
    <!-- Closed Orders -->
    <!-- <record id="calibration_custom_model.calibration_menu_closed_order" model="ir.ui.menu">
        <field name="groups_id" eval="[(6,0,[ref('group_calibration_planner')])]"/>
    </record> -->
    <!-- OverDue Orders -->
    <!-- <record id="calibration_custom_model.calibration_menu_overdue_order" model="ir.ui.menu">
        <field name="groups_id" eval="[(6,0,[ref('group_calibration_planner')])]"/>
    </record> -->
    <!-- Completed Orders -->
    <!-- <record id="calibration_custom_model.calibration_menu_completed_order" model="ir.ui.menu">
        <field name="groups_id" eval="[(6,0,[ref('group_calibration_planner')])]"/>
    </record> -->
    <!-- Expired Orders -->
    <!-- <record id="calibration_custom_model.calibration_menu_expired_order" model="ir.ui.menu">
        <field name="groups_id" eval="[(6,0,[ref('group_calibration_planner')])]"/>
    </record> -->
    <!-- InProcess Orders -->
    <!-- <record id="calibration_custom_model.calibration_menu_in_process_orders" model="ir.ui.menu">
        <field name="groups_id" eval="[(6,0,[ref('group_calibration_planner')])]"/>
    </record> -->
    <!-- Create Schedule -->
    <!-- <record id="calibration_custom_model.calibration_menu_schedule_create" model="ir.ui.menu">
        <field name="groups_id" eval="[(6,0,[ref('group_calibration_planner')])]"/>
    </record> -->
    <!-- View Schedule -->
    <!-- <record id="calibration_custom_model.menu_schedule" model="ir.ui.menu">
        <field name="groups_id" eval="[(6,0,[ref('group_calibration_planner')])]"/>
    </record> -->
    <!-- Edit Schedule -->
    <!-- <record id="calibration_custom_model.calibration_menu_schedule_editing" model="ir.ui.menu">
        <field name="groups_id" eval="[(6,0,[ref('group_calibration_planner')])]"/>
    </record> -->
    <!-- Approved Schedule -->
    <!-- <record id="calibration_custom_model.calibration_menu_schedule_approvals" model="ir.ui.menu">
        <field name="groups_id" eval="[(6,0,[ref('group_calibration_planner')])]"/>
    </record> -->
    <!-- Pending Approvals For Business User -->
    <!-- <record id="calibration_custom_model.calibration_schedule_approval_for_business_menu" model="ir.ui.menu">
        <field name="groups_id" eval="[(6,0,[ref('group_calibration_planner')])]"/>
    </record> -->
    <!-- Pending Approvals For QA User  -->
    <!-- <record id="calibration_custom_model.calibration_schedule_approval_for_qa_menu" model="ir.ui.menu">
        <field name="groups_id" eval="[(6,0,[ref('group_calibration_planner')])]"/>
    </record> -->

    <!-- Settings -->
    <!-- <record id="calibration_custom_model.calibration_menu_settings" model="ir.ui.menu">
        <field name="groups_id" eval="[(6,0,[ref('group_calibration_planner')])]"/>
    </record> -->
    <!--+++++++++++++++++++++++++++++++++++++++++++++++++++++++++++++++++++++++++++++++++++++++++++++++++++++++++++++++++++++++++++++++++++++++++++-->

    <!-- TO SHOW MENU ASPER USER ACCESS RIGHTS-->

    <!-- Process -->
    <!-- <record id="calibration_custom_model.calibration_menu_process" model="ir.ui.menu">
        <field name="groups_id" eval="[(6,0,[ref('group_calibration_technician')])]"/>
    </record> -->
    <!-- Assign Order -->
    <!-- <record id="calibration_custom_model.calibration_menu_assign_orders" model="ir.ui.menu">
        <field name="groups_id" eval="[(6,0,[ref('group_calibration_planner')])]"/>
    </record> -->
    <!-- Unassign Orders -->
    <!-- <record id="calibration_custom_model.calibration_menu_unassign_orders" model="ir.ui.menu">
        <field name="groups_id" eval="[(6,0,[ref('group_calibration_technician')])]"/>
    </record> -->
    <!-- InProcess Orders -->
    <!-- <record id="calibration_custom_model.calibration_menu_in_process_orders" model="ir.ui.menu">
        <field name="groups_id" eval="[(6,0,[ref('group_calibration_technician')])]"/>
    </record> -->

    <!-- +++++++++++++++++++++++++++++++++++++++++++++++++++++++++++++++++++++++++++++++++++++++++++++++++++++++++++++++++++++++++++++++++++++++++ -->

    <!-- TO SHOW MENU ASPER USER ACCESS RIGHTS-->
    <!-- Process -->
    <!-- <record id="calibration_custom_model.calibration_menu_process" model="ir.ui.menu">
        <field name="groups_id" eval="[(6,0,[ref('group_calibration_business_user')])]"/>
    </record> -->
    <!-- Order Approvals -->
    <!-- <record id="calibration_custom_model.calibration_menu_for_business_user_approval" model="ir.ui.menu">
        <field name="groups_id" eval="[(6,0,[ref('group_calibration_business_user')])]"/>
    </record> -->
    <!-- InProcess Orders -->
    <!-- <record id="calibration_custom_model.calibration_menu_in_process_orders" model="ir.ui.menu">
        <field name="groups_id" eval="[(6,0,[ref('group_calibration_business_user')])]"/>
    </record> -->
    <!-- Order By Status -->
    <!-- <record id="calibration_custom_model.calibration_menu_order_by_status" model="ir.ui.menu">
        <field name="groups_id" eval="[(6,0,[ref('group_calibration_business_user')])]"/>
    </record> -->
    <!-- Pending Approvals For Business User -->
    <!-- <record id="calibration_custom_model.calibration_schedule_approval_for_business_menu" model="ir.ui.menu">
        <field name="groups_id" eval="[(6,0,[ref('group_calibration_business_user')])]"/>
    </record> -->

    <!-- +++++++++++++++++++++++++++++++++++++++++++++++++++++++++++++++++++++++++++++++++++++++++++++++++++++++++++++++++++++++++++++++++++++++++ -->


    <!-- TO SHOW MENU ASPER USER ACCESS RIGHTS-->
    <!-- Process -->
    <!-- <record id="calibration_custom_model.calibration_menu_process" model="ir.ui.menu">
        <field name="groups_id" eval="[(6,0,[ref('group_calibration_qa_user')])]"/>
    </record> -->
    <!-- Pending Approvals For QA User  -->
    <!-- <record id="calibration_custom_model.calibration_schedule_approval_for_qa_menu" model="ir.ui.menu">
        <field name="groups_id" eval="[(6,0,[ref('group_calibration_qa_user')])]"/>
    </record> -->



</odoo>

        
       
    
    



        
       
    

